Col1,Col2,Col3,Col4,Col5,Col6,Col7,Col8,Col9,Col10
0.912937812,,,0.129411327,,0.063175913,0.752866818,,,
0.435296009,0.290440743,0.823521345,0.169415852,0.885059958,0.524440536,0.768405388,0.647698063,0.660341101,0.433412044
,0.71194044,0.448518031,,0.792152985,,0.643619434,0.344078758,0.492050258,0.492949724
0.711923941,0.57138928,0.782961316,0.201377801,0.141150885,0.102884591,0.402188725,0.599635678,0.305846859,0.748090161
0.703554284,0.549355109,0.14405667,0.596271362,0.727395393,0.878787844,0.789542143,0.650886015,0.683712753,0.412256231
0.501812291,0.706757784,0.694822514,0.516839952,0.134178043,0.070544792,0.20401929,0.221207934,0.26842051,0.535074467
0.255310561,0.513304455,0.644094109,0.15492137,0.832181187,0.529829126,0.214984309,0.09901313,0.364766206,0.356037677
0.464487258,0.271988708,0.410474676,0.328529844,0.033027523,0.138924832,0.559152531,0.456793102,0.420565825,0.594863148
0.594375103,0.290521584,0.437543707,0.835007101,0.141756148,0.040176805,0.384748474,0.769339565,0.251255847,0.848615244
,,,0.426759902,,0.12084833,0.952934235,0.543828942,0.953942108,0.069999679
0.039564764,0.57893904,0.26645219,0.826401302,0.113893248,0.097783318,0.30287838,0.661961597,0.240894627,0.829810783
,,0.485609858,,0.163707896,0.095940277,0.882025996,0.67241449,0.780821016,
0.48039136,0.282265713,0.562744979,0.710236666,0.836024127,0.85452462,0.793260652,0.809169638,0.580567552,0.622563325
0.063201124,0.400726437,0.903851021,0.406239666,0.225658297,0.106074489,0.903801725,0.548935408,0.891102659,0.13616183
0.355087459,0.694506158,0.090973019,0.56035461,0.885193733,0.880654493,0.244546543,0.218619189,0.31915008,0.482703094
0.67395061,0.937685629,0.103696507,0.486566092,0.865873862,0.885239829,0.279366733,0.50606524,0.271936908,0.756528557
0.513887424,0.278562332,0.722705347,0.09555328,0.834865055,0.531818942,0.447632603,0.421124748,0.376368234,0.629280496
0.394362449,0.695020713,0.632907065,0.125089797,0.088572805,0.149770378,0.094169457,0.295057277,0.085468731,0.767719341
0.434638338,0.263412611,0.974819914,0.613433701,0.808694293,0.899811771,0.647963488,0.514008131,0.447926713,0.583092195
0.385446564,0.336964019,0.540078457,0.747949132,0.861434162,0.607192489,0.158463859,0.21536633,0.217348313,0.582067725
0.388549207,0.677678221,0.504037501,0.237701723,0.73346207,0.515504795,0.783527379,0.615611304,0.700433116,0.371639861
0.704154263,0.491097587,0.207104071,0.908946037,0.791212733,0.825065884,0.385597684,0.880404849,0.22145501,0.908491727
0.220348103,,,0.808432914,,,,0.610713337,,
0.488548917,0.925261976,0.840250896,0.203400008,0.863304658,0.837782695,0.133570718,0.120486384,0.251791508,0.483326588
0.709725227,0.390848216,0.416063801,0.864030018,0.774105453,0.931311069,0.534587907,0.731737936,0.333904479,0.755948362
0.720463632,0.399050979,0.544292922,0.869564869,0.88112158,0.919158232,0.194514438,0.291489108,0.209142182,0.641904408
0.631244736,0.2925155,0.743668293,0.133242554,0.795629984,0.928372489,0.328316899,0.291276822,0.354020918,0.616336719
0.488614799,0.024616359,0.601601106,0.639883921,0.806707785,0.487638849,0.349056727,0.544117155,0.295268871,0.743576574
0.080097855,0.262332899,0.767162206,0.152724885,0.743654551,0.550080976,0.358243868,0.468049294,0.320400705,0.697856806
0.566183532,0.693870958,0.416819281,0.258636848,0.871065039,0.527571936,0.82070748,0.598007987,0.75732874,0.302929022
,,0.634709518,,0.816319031,,0.125473265,,,0.599795643
0.419776521,0.691567268,0.452834726,0.914755393,0.847638507,0.460609802,0.182136749,0.412703205,0.250339412,0.752738886
0.081620681,0.629587517,0.637102966,0.493950609,0.728612956,0.835550902,0.401599811,0.629705724,0.29738276,0.764696108
,0.253553779,,,,,0.781392119,,,
0.850650179,0.181877349,0.478924072,0.185887244,0.90542727,0.576156839,0.223477154,0.612220143,0.216048741,0.841100739
0.27113158,0.099213563,0.326103023,0.925654045,0.910053624,0.89775671,0.965498094,0.596356791,0.933402301,0.126133068
0.26866354,0.107082104,0.927804203,0.426524035,0.776245891,0.54433088,0.269035094,0.151187311,0.394595612,0.361675727
0.551783393,0.067712205,0.948064703,0.369424008,0.88910264,0.47499591,0.263218406,0.280019202,0.299957206,0.543512332
0.302558708,0.373832662,0.606475889,0.656457494,0.828578111,0.903095445,0.446374969,0.624584639,0.320416519,0.74032455
0.981708854,0.253236095,0.695970652,0.91835933,0.108317024,0.65699705,0.806218042,0.924068632,0.91656809,0.40650454
0.943529051,0.699763445,0.143848658,0.618522884,0.12055555,0.03290506,0.753977844,0.590421678,0.681858182,0.373081721
0.435533461,0.70902222,0.884013497,0.4055523,0.82561563,0.516145967,0.414969832,0.779959138,0.262973781,0.839805934
0.956780449,0.589829496,0.507209215,0.95040691,0.141516717,0.083915638,0.541387176,0.612960256,0.369499861,0.688197296
0.276699543,0.581179333,0.571278117,0.07216931,0.896688657,0.952245074,0.901553538,0.689246402,0.792969894,0.329273437
0.408440236,0.890702784,0.393303924,1.0,0.847948199,0.50794121,0.886681926,0.603935599,0.833014772,0.231435915
0.25612815,0.576397846,0.708100677,0.131873144,0.191292605,0.111404719,0.896684537,0.597700875,0.849340765,0.210916577
0.493724207,0.26108102,0.145257531,0.722261137,0.739385515,0.511107483,0.194745212,0.187260711,0.280299904,0.500188823
0.286817071,0.351444809,0.356358386,0.490670161,0.831359714,0.540856,0.557615218,0.699856013,0.353706371,0.727538505
0.115714007,0.276785279,0.156778342,0.613457363,0.119742607,0.066651281,0.809094342,0.644954145,0.711371575,0.380635161
0.170194553,0.785182172,0.510915113,0.119100212,0.100408999,0.14220017,0.920733086,0.586519714,0.886002231,0.166751581
0.14647302,0.669114908,0.3374261,0.866730374,0.907413122,0.515569523,0.799991123,0.638990452,0.704427659,0.383517034
0.353558973,0.291342074,0.272268414,0.84554414,0.062108712,0.080103243,0.848166811,0.526909654,0.838857185,0.173344811
0.171187866,0.136817617,0.573534846,0.751451962,0.860090815,0.88842737,0.488001497,0.681386299,0.325084645,0.751082883
0.514849806,0.708381714,0.31348381,0.829400006,0.788254458,0.811079948,0.825537008,0.573591189,0.779768523,0.263973224
0.057883661,0.227161713,0.022493671,0.167069417,0.631315149,0.610103465,0.277752664,0.728503009,0.716413663,0.97336982
0.532527349,0.734717401,0.240940821,0.508275183,0.429606027,0.475355933,0.662127594,0.847761323,0.294405435,0.3775165
0.396292746,0.054418497,0.582705747,0.835647067,0.761547973,0.559230562,0.625500897,0.456749811,0.452645128,0.562844597
0.82178316,0.087778177,0.439292126,0.521600403,0.437606126,0.172573815,0.117116542,0.594212271,0.456008312,0.441426572
0.762803224,0.480416264,0.555703603,0.74484361,0.838089572,0.841280087,0.196496863,0.226579577,0.255678251,0.551432573
0.944910252,0.348717109,0.564711955,0.866720205,0.125785046,0.111719161,0.233360059,0.25195012,0.282967262,0.541419082
0.68880424,0.663126374,0.578386299,0.688025402,0.112478985,0.138852002,0.173637946,0.153676356,0.277634476,0.480061332
0.390877336,0.657193096,0.215504073,0.601379897,0.42274113,0.310370259,0.684435695,0.05893832,0.072061078,0.641132686
0.981018141,0.461244292,0.377148928,0.382435287,0.769218581,0.909447267,0.128208955,0.146128708,0.227875224,0.524587066
0.090640352,,0.463041618,0.934052589,,,0.236691378,0.227564472,0.303575574,
0.659122429,0.670089011,0.317026993,0.795170391,0.136790709,0.041521415,0.302415575,0.123280242,0.387199646,0.537638888
0.300558071,0.565576951,0.928545199,0.63805218,0.097328592,0.068480384,0.433995592,0.81763362,0.261921346,0.851080804
0.274539351,0.584872153,0.093914467,0.496735243,0.764187947,0.626748322,0.536427818,0.596188992,0.371664914,0.681485433
0.092333532,0.726536303,0.893129705,0.33015668,0.868184417,0.952669724,0.273634148,0.178106691,0.381846557,0.392660696
,,,,0.068293867,,,,,
0.214980724,0.857547427,0.087483025,0.690851975,0.818087344,0.969017562,0.228603323,0.176439905,0.328569222,0.444686709
0.44651012,0.300980595,0.324726633,0.896556275,,0.923287079,0.307190041,0.24048419,0.379973353,
0.647857744,0.87420555,0.671989858,0.172087357,0.100747407,0.086520137,0.651230968,0.702536961,0.39822353,0.683849564
0.791478237,0.091531263,0.628125783,0.709856913,0.84636264,0.940008984,0.316021368,0.487163273,0.29479444,0.728592712
,,0.126109423,0.879442777,,,0.801396594,,0.713640155,
0.719576193,0.620967626,0.936688036,0.502433931,0.763802339,0.569960212,0.431626258,0.351647049,0.387530925,0.599286862
0.098792281,0.274187602,0.097648854,0.646796811,0.825030737,0.862024118,0.91376701,0.609310009,0.862086932,0.206075982
,,,,0.891288758,,,,,0.792507483
0.379899131,0.749989136,,0.514179833,0.417807753,0.063218934,0.212527309,,0.545341772,0.669512935
0.306957691,0.651858933,0.565631495,0.197696468,0.180369445,0.170685608,0.33080352,0.83013287,0.208646532,0.907627496
0.746020922,0.542581125,0.490245322,0.175432075,0.905712569,0.602487045,0.882576872,0.622698029,0.815295535,0.261845363
0.313097752,0.373245694,0.405243015,0.336538687,0.839944036,0.876921073,0.138739795,0.240664259,0.276161721,0.680283753
0.3413454,0.21739999,0.886342488,0.572453584,0.409470019,0.972480615,0.08492314,0.683124967,0.078587628,0.905688187
0.21893726,0.185087574,0.507745827,0.20093397,0.781855372,0.870413269,0.388927369,0.467754883,0.335310755,0.682900551
0.761112484,0.751717708,0.680149334,0.362962558,0.423264682,0.75434989,0.043514349,0.71226742,0.259700226,0.74242736
,0.587937082,,0.208966492,0.725757423,,0.852287988,0.551125923,0.827368917,
0.68698771,0.663288335,0.510158987,0.616279948,0.196971371,0.116044853,0.14460962,0.289326286,0.150312916,0.699133247
0.502435578,0.93681956,0.580061683,0.540772969,0.151995323,0.059452417,0.22522035,0.242755434,0.279384742,0.538754936
0.596240398,0.83127993,0.971485883,0.855183721,0.740932954,0.587898558,0.423772115,0.49849921,0.842255041,0.292482206
0.772350538,0.813478851,0.54104362,0.097414041,0.9207146,0.562857418,0.246070541,0.295704695,0.268570747,0.585470421
0.425284413,0.260981009,0.849682565,0.288335249,0.160317062,0.085830182,0.161660155,0.171143967,0.251283122,0.518204857
0.752020991,0.839020198,0.683241714,0.208515297,0.736253069,0.884391751,0.956416466,0.732441528,0.82988668,0.321747862
0.49548916,0.697807052,0.414053628,0.317239776,0.062471269,0.179979015,0.938455443,0.51587146,0.955459409,0.049516732
0.500017182,0.062347637,0.16383981,0.748289677,0.044876544,0.087187049,0.455883413,0.534121705,0.349619301,0.686636226
,0.551263859,,,0.138496764,,0.5031538,0.665783526,0.336652232,0.735306864
0.394863946,0.734335149,0.209252327,0.731162239,0.135086841,0.099298187,0.179580329,0.203066313,0.251227805,0.539919275
0.632202332,0.887782946,0.833017293,0.110829365,0.789680991,0.903672913,0.186708245,0.434586899,0.246596246,0.762412803
0.371520495,0.659561373,0.183704806,0.77546859,0.830954361,0.544066447,0.798037271,0.622004785,0.713617652,0.362823082
0.324300602,0.087509863,0.551646293,0.745122694,0.751598686,0.537965658,0.374615368,0.492305715,0.321715309,0.703128339
0.837802698,0.793079254,0.00360456,0.165422558,0.170273005,0.374681733,0.514762672,0.185380709,0.079298379,0.9546502
0.459496733,0.278310608,0.410078903,0.432278999,0.126790526,0.08801134,0.234315453,0.219322281,0.306309714,0.495991486
0.3413685,0.538199157,0.414271737,0.46035225,0.442762115,0.269584401,0.26012461,0.00426858,0.957253904,0.874111322
,0.911965086,,,,0.892461331,,,,
0.528253719,0.700422248,0.873041933,0.372086446,0.735628591,0.505206135,0.348483875,0.664836455,0.262154698,0.809378994
0.245235627,0.918461683,0.157464705,0.756813293,0.821578126,0.55555401,0.856242729,0.42784934,0.915979731,0.029184413
,,0.408122743,0.985381807,0.794447362,,,,,
0.040045728,0.396641125,0.449788947,0.346578087,0.128548331,0.096365896,0.668979391,0.577802313,0.440731239,0.607585078
0.339221439,0.308053696,0.411850229,0.262618524,0.886225084,0.917718781,0.337064827,0.557141609,0.28593011,0.756429052
0.447677638,0.021926772,0.511320856,0.877769828,0.770735539,0.567236141,0.426458796,0.619180023,0.312260753,0.746995076
0.936338898,0.323136817,0.339980016,0.694637138,0.059815108,0.165456005,0.917205851,0.567713687,0.894529011,0.145484234
0.926157705,0.376358537,0.108214987,0.703970523,0.760274312,0.775752156,0.195747247,0.035516371,0.384702008,0.293064551
0.664664437,0.670834424,0.097064176,0.765317666,0.889380976,0.875241635,0.418128673,0.841778449,0.247684815,0.87183804
0.556586265,0.926329414,0.303297617,0.892897324,0.874678173,0.40544754,0.264785231,0.177919316,0.371281819,0.403074423
0.569161656,0.084293622,0.639347214,0.542296319,0.901476693,0.940967352,0.255409314,0.695081216,0.208942863,0.870678962
0.647596537,0.603656827,0.40510685,0.840543992,0.80138447,0.581893487,0.227726377,0.257289366,0.272529207,0.55545621
0.637526619,0.343690322,0.643803753,0.427339034,0.764787643,0.603025462,0.266507117,0.258608101,0.318491241,0.510492812
0.733567326,0.593387686,0.672638064,0.57532266,0.739885717,0.922820517,0.641683368,0.67693931,0.400571891,0.674559337
0.93482964,0.474942666,0.504162608,0.159996675,0.049000293,0.052551815,0.395265959,0.79014872,0.250678789,0.85483858
0.160126862,0.800405668,0.39844352,0.863478451,0.837671563,0.899557695,0.436550939,0.673531382,0.302354179,0.771630161
0.42181486,0.288782224,0.233412025,0.858940959,0.0,0.120680789,0.228018534,0.248493595,0.278863646,0.543168181
0.755578334,0.472175512,0.651579224,0.579455419,0.8686712,0.865319375,0.485287163,0.373894107,0.407414837,0.585485716
0.920739529,0.378674244,0.093806173,0.420243832,0.150862671,0.070103769,0.905117296,0.600902748,0.857352696,0.205095215
0.721804145,0.447169928,0.715129758,0.123561412,0.853353123,0.853767444,0.104007871,0.054774879,0.260756753,0.429796526
0.495705441,0.063448551,0.054013584,0.832054476,0.79083187,0.229366086,0.425389721,0.050938105,0.725988317,0.942196729
0.523763344,0.720008928,0.427561246,0.931354891,0.143821135,0.074474136,0.969721151,0.734171827,0.844786086,0.308056134
,,,,,0.918588457,,0.717497436,,0.248925789
0.396611907,0.690590002,0.07317048,0.535779644,0.744777262,0.941586411,0.522436892,0.335970151,0.435685899,0.546986028
0.229794416,0.863296133,0.395330387,0.440170053,0.83247877,0.870029284,0.205950251,0.213055812,0.276297415,0.521684172
0.224394,0.875717491,0.199616405,0.860007318,0.083972998,0.086622204,0.434597389,0.462137473,0.358912025,0.657828062
0.093656447,0.272251301,0.481839607,0.231517016,0.83731657,0.958989371,0.842259888,0.693050936,0.718738086,0.405918842
0.319249574,0.385873858,0.621096911,0.598976662,0.748302762,0.499341261,0.309877861,0.488484596,0.291465739,0.732272495
0.630850584,0.105083431,0.843092424,0.26707564,0.073999989,0.08292772,0.787075583,0.67744358,0.662672352,0.451268315
0.710596116,0.640070548,0.270698675,0.881250551,0.843855793,0.878148065,0.647821078,0.329330111,0.498092833,0.482918039
0.68445706,0.678622615,0.581753879,0.507255263,0.703901662,0.939231859,0.163293364,0.137146844,0.276375738,0.470101997
0.305055078,0.656837227,0.331664699,0.822525421,0.907127194,0.882276024,0.855731708,0.584785593,0.808640241,0.24276213
0.265349549,0.494984864,0.09713502,0.58629654,0.705880642,0.558869306,0.846446593,0.473534482,0.873075587,0.102988836
0.349621385,0.217426254,0.703497661,0.925353525,0.634279951,0.22630106,0.06745232,0.355698694,0.962698525,0.16872365
0.53639864,0.250419665,0.486619924,0.278422047,0.778082712,0.9770463,0.910129098,0.662499361,0.821520658,0.282639406
0.625538582,0.325780002,0.544520546,0.829111471,0.698249563,0.578824588,0.26974745,0.668366807,0.223139463,0.849264185
0.80183695,0.272857018,0.109205677,0.922977807,0.65601374,0.376588915,0.735546847,0.302567374,0.988731809,0.847391211
0.328227724,0.346344999,0.505984118,0.737451266,0.788973727,0.556532898,0.797584655,0.648404077,0.695118333,0.39919244
0.85563814,0.773763849,0.225906093,0.53426595,0.044762563,0.460636277,0.739510764,0.40143003,0.658788668,0.564563553
0.7321109,0.072806048,0.836243985,0.218050838,0.811282368,0.524165094,0.913595191,0.601834236,0.866963104,0.19613854
0.470216633,0.635703764,0.347516731,0.1313074,0.900213361,0.215921655,0.046536798,0.354440652,0.297949672,0.687546256
0.624241636,0.918959597,0.268433418,0.897359968,0.203061388,0.116695719,0.855820373,0.599879266,0.798483161,0.263137271
0.097207945,0.701507544,0.455018045,0.140530534,0.895718231,0.519971328,0.847634614,0.55223942,0.820989023,0.208358767
0.631037864,0.293743786,0.48806583,0.8545318,0.107359674,0.050430932,0.503331004,0.450721418,0.395237716,0.618486165
0.72241535,0.382439379,0.527438382,0.22166025,0.107696784,0.111131549,0.934424416,0.589614855,0.900440682,0.154445807
0.806240837,0.783504518,0.406037211,0.323810761,0.116409386,0.125181271,0.209130412,0.215450994,0.278511203,0.521100512
0.172517997,0.151194218,0.884236462,0.368726183,0.775734875,0.496068835,0.945873537,0.655269383,0.869627344,0.229735923
0.732279108,0.932244243,0.394347628,0.334677155,0.840698018,0.56024835,0.77718573,0.584290098,0.714069985,0.336782458
0.967405608,0.478400469,0.152448737,0.723083216,0.760538078,0.888837412,0.830501061,0.7365755,0.674931686,0.479157535
0.693528924,0.49664945,0.643448572,0.417407653,0.84367901,0.507799714,0.959132749,0.524651613,0.97447302,0.036503403
0.296538373,0.369732106,0.590277053,0.112758442,0.195718062,0.165550015,0.567764973,0.516389021,0.408517489,0.623058521
0.569481665,0.223900796,0.479432322,0.32018293,0.215783239,0.123392087,0.839441753,0.73219236,0.688715421,0.462431003
0.305761846,0.129115535,0.27443342,0.846154095,0.764554801,0.86628757,0.385277281,0.899108311,0.216212555,0.918798432
0.675626741,0.486442749,,0.172006495,0.822132302,,,0.372266278,,0.618086129
0.892219314,0.3427374,0.516838383,0.233358261,0.177989276,0.071596673,0.392964347,0.827749285,0.239338504,0.876357988
0.089653503,0.22757406,0.592835461,0.192314893,0.721355787,0.878961922,0.859417773,0.641786266,0.77433171,0.315667924
0.334829646,0.500566421,0.441373571,0.721341179,0.586297099,0.996906028,0.384535895,0.368898895,0.051571248,0.842943633
0.805035676,0.798757378,0.512651392,0.243505729,0.195346913,0.061924649,0.207509149,0.208211525,0.281475315,0.513231139
0.052495426,0.506365672,0.907679364,0.438323472,0.905471873,0.607197647,0.497362837,0.602277997,0.351127714,0.703628766
0.283412082,0.399654449,0.577518552,0.085122777,0.131250053,0.087899726,0.943933017,0.634676153,0.881286712,0.204130456
0.666193327,0.895316318,0.024753254,0.39191229,0.895235062,0.612113539,0.819492984,0.550392576,0.788241372,0.239779328
0.509681253,0.28176315,0.764421228,0.187381816,0.794044614,0.521231944,0.5780211,0.399739272,0.445204814,0.554795496
0.080204492,0.35942505,0.616643996,0.195186425,0.053258586,0.082029912,0.208565667,0.223530003,0.272334818,0.532744523
0.26951927,0.138302277,0.130920658,0.794133945,0.863001846,0.928659901,0.246567234,0.245726973,0.303157463,0.517052124
0.739369477,0.508388396,0.555600344,0.705711584,0.786634273,0.514155775,0.604084183,0.418792169,0.452618989,0.552569015
0.968888992,0.536663745,0.637316821,0.005693601,0.044994591,0.107661586,0.438881127,0.634394484,0.314126179,0.749263055
0.687733351,0.057750795,0.390201269,0.472643176,0.799025741,0.525178316,0.394045225,0.397328088,0.356941372,0.642205064
0.935175765,0.466498232,0.395255069,0.294169532,0.125721677,0.144258629,0.273015656,0.634406587,0.233956699,0.82925463
0.752938227,0.464730526,0.413731993,0.898426427,0.830033705,0.640956889,0.249851652,0.246176117,0.306820596,0.513702013
0.825058925,0.842966858,0.382497054,0.463228946,0.921617042,0.920578068,0.223345304,0.190982785,0.312326295,0.470760231
0.687572404,0.461441803,0.59432195,0.657643573,0.868161955,0.91446835,0.821114342,0.569338362,0.777316677,0.263533997
,,,0.229324684,,0.121197218,,0.624309896,0.719396753,
0.724342512,0.44405095,0.131653904,0.667783153,0.832553764,0.519113692,0.427565153,0.347809339,0.386612019,0.599162141
0.513484576,0.264861669,0.835239809,0.16811676,0.823496282,0.553882641,0.181943037,0.318517702,0.175571773,0.693737773
0.391496379,0.68165193,0.509994785,0.15892438,0.761199932,0.585036461,0.749004885,0.727199971,0.438770996,0.650087254
0.434309675,0.934822165,0.540800806,0.16530645,0.861059803,0.86249487,0.473478363,0.323655211,0.415373069,0.563910688
0.625000704,0.692216239,0.156009883,0.869723064,0.828602773,0.629805056,0.590781699,0.759343751,0.353554933,0.743834508
0.372956798,0.05098156,0.193544565,0.768115333,0.113805327,0.129580345,0.116131905,0.308542293,0.102835714,0.759541155
0.647905797,0.615836913,0.322174892,0.760395064,0.208456083,0.131326678,0.863725023,0.461131183,0.902387804,0.065327261
0.273633667,0.621366761,0.250866285,0.951684597,0.802423374,0.521339317,0.0,0.45842452,0.149872158,0.865387791
0.529645971,0.941885068,0.638711436,0.653256736,0.06378936,0.111266293,0.233715529,0.27597342,0.267060111,0.573590026
0.092014087,0.596607503,0.62087563,0.765769525,0.791102596,0.565307512,0.838125515,0.471283027,0.864552284,0.109965269
0.281389999,0.428368479,0.284218362,0.927519722,0.094145791,0.138867574,0.210515652,0.275489981,0.239356424,0.600903088
,0.305537217,0.53891893,0.099550902,0.102436486,0.056207185,,0.214022012,,0.540065461
0.252618554,0.84103418,0.852426877,0.221051032,0.8142354,0.475381407,0.903839091,0.599588996,0.856701635,0.204853427
0.687797396,0.399735352,0.604995159,0.182440713,0.836281397,0.472761579,0.787471758,0.690902485,0.653998535,0.469054359
0.411587673,0.279413646,0.932855031,0.425759472,0.848303107,0.540948369,0.827745798,0.5702288,0.784723947,0.256747628
0.655971865,0.641886052,0.912253593,0.34618048,0.188494678,0.15321144,0.418544085,0.629243178,0.305698095,0.756274032
0.674795186,0.330954174,0.42978503,0.887889441,0.847977657,0.846568202,0.194850853,0.184372302,0.282391767,0.496141911
0.337597387,0.667882554,0.618643884,0.139108047,0.048753596,0.094733532,0.530554078,0.571624578,0.375507872,0.670984405
0.716604052,0.495132086,0.613438229,0.204520673,0.138225333,0.097464371,0.866007888,0.648979213,0.777403105,0.317483866
0.958888961,0.609197455,0.184844234,0.725450179,0.823804383,0.840046862,0.60261359,0.485689688,0.43371118,0.589590004
,,,,,0.907417394,,,0.786836794,
0.053483902,0.620905934,0.486275438,0.887947991,0.110198913,0.040005008,0.091565164,0.24858398,0.113925393,0.707794987
0.235842084,0.120725377,0.369431067,0.463499047,0.799011229,0.923571292,0.50176146,0.437684737,0.398025279,0.612166761
0.858365688,0.732737341,0.181584648,0.887142189,0.11208013,0.090714894,0.216646952,0.284377307,0.240721196,0.605571427
0.411145245,0.689578638,0.065314057,0.64341575,0.855780255,0.826742764,0.955522275,0.621747746,0.904081787,0.17261501
0.48126734,0.279111173,0.938994793,0.574034619,0.713258955,0.486181779,0.903959611,0.595661892,0.859517825,0.199379073
0.669766511,0.694779207,0.191047816,0.080716056,0.441480013,0.115675429,0.054465507,0.949299707,0.318667291,0.410016957
0.733845785,0.530156943,0.400955514,0.422880363,0.036781602,0.096048823,0.241136176,0.598149919,0.228411002,0.824947774
0.054036682,0.533677233,0.494400688,0.861144949,0.052047876,0.127245882,0.252949481,0.157912594,0.370585923,0.390194239
0.640112102,0.967841334,0.907140359,0.345883697,0.814165451,0.554678557,0.890124489,0.646073885,0.808518949,0.284467089
0.303847999,0.081972693,0.752933309,0.140540356,0.244614985,0.07850277,0.832019632,0.650619935,0.735219302,0.360685555
0.566346135,0.668589985,0.553259125,0.165356928,0.173483236,0.135633626,0.236408922,0.066990399,0.412430147,0.286754124
0.673984307,0.070006891,0.467236729,0.199104068,0.862107832,0.844601613,0.270056498,0.263642315,0.319356526,0.513045184
0.551504258,0.256933086,0.052632077,0.436370907,0.182746953,0.172729328,0.300453971,0.231734446,0.377784275,0.433100082
0.875226264,0.624574743,0.654665657,0.634213526,0.15021619,0.163716653,0.156869712,0.234370837,0.202498388,0.609778594
0.876481735,,,0.800501289,,0.499952776,0.163883342,,0.146261504,
0.291404174,0.436353804,0.345925884,0.328095508,0.117580989,0.997211481,0.528922007,0.414090248,0.64665791,0.27767003
,0.439274649,0.32545977,,0.774019811,0.86503099,,,,
0.83324725,0.146104588,0.452584441,0.860149445,0.815924898,0.888816214,0.934367994,0.628115284,0.874190898,0.206758701
0.474126377,0.242203861,0.874138231,0.312528824,0.827367386,0.914614591,0.819449787,0.559470898,0.782015607,0.252150638
0.31040327,0.638141458,0.294024882,0.852016213,0.825085478,0.545899709,0.23895337,0.188241395,0.333049781,0.448223556
0.18203988,0.156503051,0.512148259,0.240016743,0.117931128,0.120962405,0.472428301,0.581233392,0.344800762,0.704229936
0.476073127,0.683622287,0.532741537,0.713168027,0.083927162,0.131439841,0.247291307,0.155438101,0.365431884,0.393657693
0.501587947,0.931448085,0.941186439,0.59426521,0.201089605,0.165184444,0.812362092,0.672195136,0.696795196,0.413661535
0.100645606,0.72281969,0.159526491,0.748931878,0.76682821,0.577090642,0.377814885,0.295702596,0.427759039,0.426640481
0.052789653,0.566392747,0.285096139,0.795340231,0.523658485,0.964552727,0.789691237,0.944699759,0.062552659,0.179371187
0.867652984,0.649390989,0.604948147,0.181855257,0.802035453,0.503600568,0.900570188,0.61071202,0.845187778,0.223888204
0.538595767,0.305242664,0.045989653,0.420633798,0.821876177,0.571328339,0.636627155,0.650786694,0.405241989,0.662802002
0.672459395,0.511892432,0.435039855,0.226820509,0.806597171,0.930941126,0.191687559,0.080500098,0.349206207,0.359001466
0.806145726,0.177988907,0.809163898,0.23465458,0.633574655,0.909467828,0.578163164,0.118120107,0.296965616,0.488705933
0.535356114,0.936801372,0.370651735,0.58007859,0.877892804,0.867339661,0.923588721,0.609002167,0.874163862,0.193817478
0.336714104,0.538842451,0.192801069,0.553562822,0.074514511,0.332993162,0.365792205,0.861309323,0.899016587,0.088600152
0.394729993,0.288001305,0.847743846,0.366504722,0.840657292,0.866315343,0.223615868,0.082813244,0.386212207,0.323648566
0.579539754,0.947470094,0.133648345,0.73365291,0.884861669,0.582054756,0.43309057,0.461638034,0.358319603,0.658283598
0.512248622,0.064253302,0.466420941,0.216908919,0.879814552,0.59577689,0.904163916,0.524051571,0.908462156,0.10195795
0.418795386,0.303702445,0.076617768,0.321298016,0.847306257,0.525021055,0.203615982,0.124783611,0.333505033,0.404713398
0.702513961,0.396175207,0.79206861,0.181229483,0.192806061,0.106874529,0.2934376,0.063556669,0.483673029,0.213342478
0.513047859,0.262603739,0.081283481,0.439153611,0.151182884,0.065229865,0.387066052,0.470678891,0.333615772,0.685385275
0.868729818,0.285762353,0.624109862,0.552486703,0.779106587,0.969992609,0.585520564,0.602750028,0.393607755,0.661372842
0.906220031,0.662415787,0.651447039,0.429099626,0.185174382,0.114993601,0.433987323,0.80816718,0.264492351,0.845946428
0.977561989,0.125558876,0.37783906,0.195110574,0.088484417,0.644188178,0.277622527,0.741173256,0.772889313,0.780929362
0.170459071,0.592971063,0.046368306,0.625256091,0.889179707,0.632928326,0.185968383,0.309024276,0.275183119,0.499932519
0.644231853,0.314062151,0.418317912,0.22767313,0.912215965,0.564461922,0.64281197,0.488185135,0.452461086,0.571559736
0.66419695,0.340250731,0.856560165,0.367460159,0.829556976,0.600643136,0.881227969,0.588463234,0.836946486,0.217015129
0.699335734,0.088116609,0.388176748,0.490357849,0.137880011,0.125330751,0.306701096,0.128393126,0.455608319,0.285335121
0.585984497,0.661670636,0.868122209,0.274526275,0.861505065,0.533528545,0.636128419,0.770341694,0.372480343,0.727936701
0.092107835,0.995016662,0.014465045,0.176370646,0.241530075,0.514723634,0.562208164,0.158963258,0.073715215,0.208463224
0.255342095,0.448998696,0.12156621,0.5733679,0.095281458,0.110359913,0.874591517,0.617695144,0.809048952,0.264683384
0.396112685,0.269467403,0.955392253,0.514093606,0.913147621,0.539689349,0.805903944,0.63982364,0.711005532,0.377519344
0.540869628,0.266801086,0.981880344,0.5038129,0.823495096,0.615380117,0.062833598,0.365061946,0.0,0.900492885
0.89332545,0.365041858,0.481215575,0.823162956,0.765110966,0.533919053,0.199345526,0.139281291,0.318486116,0.429535007
0.439359853,0.956940758,0.43894086,0.240702575,0.129859339,0.122664528,0.304344606,0.54962973,0.27215909,0.768130233
0.628628926,0.347597492,0.354199898,0.40794451,0.914565503,0.929976779,0.828665045,0.587129654,0.774341515,0.278573778
0.306791514,0.590458697,0.435301314,0.202416843,0.122857825,0.096154292,0.389471274,0.514064622,0.322976752,0.707775091
0.315781109,0.605557063,0.599997905,0.524259768,0.85676982,0.91319605,0.302684764,0.236561846,0.377196948,0.436961459
0.93032134,0.458577072,0.879545229,0.170719615,0.751791397,0.938532056,0.542015232,0.65290402,0.358938163,0.709575818
0.6583894,0.879127752,0.561157052,0.123500241,0.091612825,0.100389071,0.888086815,0.70047459,0.769062484,0.36074511
0.87529545,0.782866129,0.793565377,0.208892844,0.775079122,0.5193708,0.87240584,0.53898689,0.859932302,0.160511698
0.146454724,0.226626248,0.340199366,0.301345016,0.822248931,0.840845339,0.758406803,0.674986824,0.629702506,0.482496744
0.699302998,0.116895751,0.464492615,0.199160486,0.08931196,0.073131034,0.505770179,0.773725519,0.308555083,0.792635852
0.617703921,0.626478437,0.448740498,0.910327932,0.871826422,0.507564288,0.809473613,0.596878018,0.744523261,0.314938879
0.459326013,0.712613851,0.452282901,0.89635248,0.775745814,0.598405685,0.211874676,0.221489529,0.277720691,0.525986367
0.847559722,0.228548986,0.24672652,0.912279948,0.88261376,0.53021212,0.232981485,0.155453581,0.348130779,0.410930199
0.278843351,0.438439438,0.422870349,0.87344327,0.687864139,0.891306441,0.829076483,0.682477517,0.709998846,0.407464294
0.515466972,0.925526917,0.408828717,0.46424487,0.948771624,0.894995651,0.435701648,0.478394998,0.355023467,0.666120106
0.212464853,0.780304761,0.458443656,0.634508561,0.373030452,0.465650668,0.413997158,0.013080054,0.570250227,0.736672363
0.375889792,0.033938454,0.485833599,0.178641656,0.137572358,0.123816945,0.869372317,0.696202853,0.749354658,0.377510033
0.706949589,0.444865218,0.391521416,0.57104339,0.82075821,0.591898421,0.879327083,0.620176208,0.813083735,0.262341115
0.702499044,0.574033638,0.248494842,0.845738046,0.878814493,0.508581464,0.249085926,0.184699673,0.347701453,0.431201949
0.178014532,0.184024447,0.800582647,0.18200647,0.228985225,0.061761548,0.170586803,0.244345815,0.212289442,0.606777665
0.802481439,0.791754536,0.393771159,0.906940518,0.951300921,0.944867308,0.292134323,0.367688602,0.275278156,0.627619057
0.608452351,0.69352283,0.33929255,0.822014271,0.135646943,0.140187588,0.196897626,0.110821538,0.334881921,0.393866394
0.705312368,0.433144831,0.625030753,0.161827393,0.942520652,0.899618132,0.909893226,0.61768153,0.851713312,0.222106212
0.272005242,0.524220863,0.584470413,0.713852347,0.126910257,0.175172329,0.237765949,0.245561479,0.292635399,0.52743812
0.577916714,0.037404251,0.15868324,0.842728472,0.781704609,0.870039678,0.247162113,0.122881683,0.387415256,0.349634563
0.314161447,0.634904168,0.472901532,0.876194717,0.903854384,0.520332888,0.441431395,0.543700079,0.340028896,0.698804517
0.579641592,0.278599589,0.657051601,0.089932342,0.916189105,0.55391051,0.855977221,0.625607532,0.78117658,0.297861296
0.278228358,0.611519993,0.074589357,0.394408248,0.097024504,0.159217799,0.213097573,0.170660531,0.313763776,0.455537405
0.711212291,0.563543609,0.525213872,0.800096892,0.917232552,0.852804893,0.247704529,0.27816057,0.282475701,0.559693251
0.115383158,0.230585112,0.694556466,0.554779039,0.854176962,0.942127153,0.657447848,0.38791042,0.486811002,0.510073005
0.902587935,0.751362407,0.002001935,0.377471115,0.052491126,0.122550094,0.854821342,0.757884897,0.689826795,0.478754458
0.292984504,0.70343162,0.43962138,0.107867968,0.922947409,0.25345779,0.29565178,0.355286799,0.980911322,0.308864217
0.891649583,0.238557315,0.417092074,0.857485278,0.87546199,0.566215304,0.346234583,0.51479535,0.301880804,0.729021679
0.260853706,0.438147549,0.686002505,0.091993838,0.85036196,0.789765542,0.191879596,0.196984328,0.270224984,0.51683842
0.930568042,0.436410029,0.051552091,0.348545601,0.877813729,0.910192639,0.834217061,0.589057462,0.779739048,0.274496456
0.651295625,0.298763611,0.521230629,0.793119828,0.875666349,0.941903611,0.878569905,0.669586248,0.778568318,0.330303104
0.715520198,,,,0.759909612,0.495956256,0.382578572,0.703896054,,0.814139035
0.594378011,0.666456162,0.614008919,0.676054257,0.081115219,0.16637694,0.767548755,0.566007692,0.714858277,0.323591385
0.091209694,0.665927737,0.291810105,0.945470946,0.085347496,0.058493623,0.819759726,0.492585324,0.827874585,0.161013625
0.787174286,0.185384404,0.290362594,0.843705244,0.799734261,0.953892502,0.809334812,0.578574455,0.756802596,0.290268378
0.631300647,0.306719709,0.3518155,0.488413326,0.061860039,0.116037976,0.470019955,0.461798083,0.376124797,0.640562082
0.159681797,0.825127071,0.716445097,0.069445424,0.032148123,0.654701781,0.02820332,0.886761351,0.165482118,0.116204454
0.9515026,0.542683854,0.3045429,0.878163783,0.804069839,0.509343138,0.721733894,0.475193845,0.494139482,0.526449715
0.86610579,0.754805257,0.075447073,0.521796173,0.129043223,0.194416621,0.270855234,0.207538612,0.358474078,0.435949829
0.04492903,0.571209889,0.397992802,0.272356617,0.845708087,0.845844399,0.93906126,0.55306965,0.930895376,0.09926412
0.1252641,0.77385639,0.415752133,0.850356014,0.972255679,0.886138815,0.876696357,0.763149257,0.712678459,0.459526295
0.539395562,0.252240026,0.714251177,0.048800547,0.772198518,0.544027892,0.815652934,0.596064225,0.75254315,0.306384959
0.282108144,0.480114179,0.707454254,0.127376315,0.876876108,0.465898564,0.367531509,0.443278875,0.331627506,0.679932713
0.33552403,0.932099246,0.394248284,0.372184995,0.712112506,0.506440804,0.55964752,0.531590215,0.400459224,0.635224161
0.388499664,0.649342733,0.047259514,0.321831773,0.817164913,0.504113828,0.510965965,0.462796751,0.395643193,0.621358836
0.143857535,0.748081448,0.52202168,0.768822699,0.841613231,0.875657825,0.707155272,0.557617191,0.464673056,0.578219151
0.708804554,0.148330415,0.614215132,0.153200658,0.878938902,0.847731617,0.256263194,0.197016278,0.347998043,0.439262813
0.756514381,0.14143519,0.425571569,0.320746091,0.154514486,0.139800029,0.790490265,0.600988891,0.718790122,0.343403075
0.27978062,0.460440001,0.414817896,0.931309894,0.866248644,0.553557945,0.897903803,0.67231638,0.800072909,0.310699501
0.869236755,0.277978893,0.42307639,0.11247202,0.183727053,0.034959735,0.111113968,0.249329646,0.550683376,0.049843054
0.468883999,0.707271439,0.743343034,0.161944981,0.848606705,0.542311736,0.270209102,0.635980162,0.2321722,0.831462163
0.431632036,0.686107594,0.497337805,0.904300793,0.142205575,0.059293578,0.331254517,0.150683784,0.470117841,0.285982543
0.486250073,0.686498116,0.741959705,0.191362815,0.760794444,0.562052293,0.810574673,0.752888358,0.639761302,0.525316661
0.588043346,0.910586025,0.619681481,0.68872692,0.152419322,0.095747975,0.169405368,0.561249862,0.20377935,0.839509121
0.714896449,0.419766368,0.528372688,0.77086434,0.756543927,0.891811442,0.19915885,0.259466933,0.236530206,0.592851324
0.99443072,0.551887247,0.928666581,0.475978173,0.77846918,0.535572817,0.865176828,0.607234089,0.804787047,0.26183786
0.070993366,0.712032848,0.329181876,0.351450046,0.901137131,0.53076228,0.272422299,0.199238739,0.366011761,0.42279774
0.762013168,0.584833029,0.948995046,0.56003486,0.737895283,0.824613166,0.236017327,0.157307232,0.350538445,0.409785672
0.525540416,0.933253827,0.390402701,0.412293745,0.894458313,0.959334614,0.259122308,0.172036758,0.368439643,0.401918875
0.65456992,0.658805358,0.463614503,0.27626557,0.147933509,0.089992323,0.213673445,0.182426658,0.306458234,0.470809722
0.311888815,0.886861018,0.364408548,0.602236073,0.85963842,0.55472914,0.55611403,0.545470994,0.394975655,0.644462566
0.080423835,0.689156744,0.102140267,0.610800706,0.804438876,0.835401785,0.316498289,0.507389379,0.289523168,0.739341413
0.723657021,0.602874523,0.390113725,0.694462114,0.801828505,0.484034986,0.291812547,0.220655953,0.374876586,0.428484473
0.71002775,0.390089511,0.766431385,0.079565136,0.81451364,0.828605023,0.800282882,0.660565892,0.690108155,0.412443052
0.187486519,0.057445508,0.369339173,0.5598278,0.014314671,0.325849244,0.369230045,0.617411264,0.944125553,0.770444228
0.779008053,0.859926599,0.602905965,0.708843823,0.209154098,0.151857924,0.765277011,0.59234785,0.694201117,0.362073584
0.918201584,0.546772622,0.677991905,0.14246112,0.829085947,0.546172063,0.889355042,0.633621321,0.816057395,0.268496649
,0.272139326,0.714884393,0.118479935,,,0.261776499,0.093016345,0.42538329,
0.133399703,0.769552373,0.422364376,0.196201154,0.859272288,0.891671852,0.572044816,0.426610619,0.435006979,0.572263139
0.233284267,0.722051954,0.665397391,0.06506085,0.192641796,0.290855506,0.399260906,0.033709087,0.035811657,0.353121808
0.247504474,0.870661664,0.468490947,0.364205883,0.150325054,0.167311738,0.655963523,0.708312601,0.398939819,0.684702397
0.259559174,0.447941525,0.858888842,0.281701474,0.818391805,0.898586193,0.840103772,0.559469364,0.806972887,0.227248723
0.408813429,0.725668944,0.117641908,0.647477202,0.837577367,0.889110582,0.362190751,0.219224021,0.460888425,0.341695465
0.596496607,0.645437945,0.590909926,0.062181163,0.099740998,0.128003366,0.549019461,0.741123876,0.338326441,0.754083728
0.01991825,0.536614656,0.465808349,0.872396992,0.771316904,0.527703318,0.410720493,0.466507145,0.346183221,0.671714022
0.613258767,0.226829234,0.344792577,0.803695269,0.83104007,0.526051241,0.650063163,0.596108638,0.426609067,0.62664365
0.724176488,0.545558622,0.972636901,0.487478766,0.80591251,0.55645878,0.934712257,0.653655511,0.857238642,0.241001618
0.082751144,0.626090463,0.063006099,0.380452841,0.080836014,0.11289847,0.132590613,0.148138984,0.231802533,0.522032601
0.647682781,0.285232294,0.882936267,0.274494081,0.168646027,0.046289661,0.846409893,0.690334906,0.725599535,0.397230081
0.680984256,0.119530652,0.831602541,0.010732627,0.706135505,0.569991677,0.245288767,0.436143163,0.332557661,0.431408382
0.312514453,0.436260838,0.454261408,0.420525786,0.782183055,0.870796236,0.109696756,0.222883958,0.153310714,0.651061284
0.67639834,0.514886904,0.895752724,0.176414864,0.2147573,0.741506457,0.894563925,0.14837352,0.122150331,0.967964733
0.260527707,0.13456162,0.950155952,0.412328317,0.84333195,0.876574898,0.167208395,0.307310102,0.165389437,0.696292771
0.776252291,0.416737126,0.15513143,0.556724442,0.937436163,0.091686407,0.689602807,0.064190531,0.119276389,0.985357311
0.296480415,0.608199259,0.886635932,0.557227524,0.812922287,0.505392116,0.868000513,0.649567349,,0.315879714
,0.764928588,0.13842355,0.935242061,,0.518789697,0.912225161,0.608234451,0.723781923,0.73359095
0.632149831,0.674548183,0.616376575,0.69270891,0.920130144,0.878714337,0.656551731,0.299082548,0.510540288,0.462289561
,,,,0.188312201,,,,,
0.374904431,0.677639497,0.66298614,0.634475839,0.104886389,0.043393826,0.222873073,0.154074758,0.336854419,0.421245546
0.731124201,0.464827477,0.656957556,0.397306734,0.892580286,0.543440895,0.307870981,0.272132204,0.3592744,0.478977894
0.04577339,0.428346663,0.280218102,0.706257216,0.224962024,0.050672613,0.144264979,0.096083768,0.281308012,0.437319684
0.39600217,0.6870838,0.566513935,0.76006379,0.18477072,0.171232307,0.367050226,0.459912465,0.326870327,0.689193479
0.728378695,0.457486094,0.593632504,0.089793424,0.137809357,0.131394476,0.11398678,0.228542929,0.154646062,0.653568551
0.508527882,0.712573253,0.332724166,0.960439368,0.07974094,0.071736986,0.544388367,0.425361747,0.42197976,0.584921972
0.650337401,0.649463372,0.176804784,0.640270789,0.884919374,0.878793361,0.208449263,0.168821129,0.309398073,0.458645212
0.359002573,0.678390099,0.598625244,0.35320728,0.879766242,0.931983589,0.39713299,0.41914714,0.352498671,0.652559391
0.606443965,0.042152188,0.08309817,0.628992308,0.858683194,0.54573254,0.826680098,0.602702592,0.76135297,0.302099164
0.379294893,0.314486719,0.395504554,0.341022362,0.070083375,0.088407404,0.786213431,0.500328024,0.782075252,0.211962849
0.707010837,0.440476206,0.924457546,0.379372804,0.174871502,0.077992801,0.164597613,0.305127842,0.163718837,0.696478938
0.740253126,0.530208676,0.37441305,0.517056559,0.844055554,0.492837112,0.783240401,0.635570336,0.686513536,0.39907013
0.87015202,0.231391074,0.545496457,0.832055556,0.179809248,0.164136487,0.103291956,0.162664386,0.186523156,0.577065089
0.907729251,0.600459726,0.335132822,0.834657673,0.047938584,0.120978053,0.433562865,0.383394092,0.379831296,0.615585202
0.314515565,0.874657187,0.078074352,0.557360287,0.198974164,0.124627912,0.179211853,0.286468716,0.194066086,0.653540109
0.721647006,0.531506536,0.11744247,0.401318969,0.91395714,0.877647265,0.852388637,0.626361984,0.776327436,0.303211376
0.684176639,0.99718246,0.239274146,0.794945859,0.0411154,0.304813489,0.423233599,0.023101768,0.407379498,0.787387928
0.365592376,0.330888014,0.559813957,0.66015975,0.841632722,0.936837872,0.259911346,0.214408394,0.340578876,0.458465715
0.345145446,0.658316545,0.692388345,0.475768186,0.823369487,0.574130676,0.544110636,0.830091196,0.311753577,0.80474217
0.348926542,0.911703704,,,0.977541425,0.503793012,0.213734044,0.223337836,0.278710454,0.526252912
0.853097486,0.196606681,0.318535552,0.549419119,0.179758721,0.154740879,0.920813322,0.673155863,0.827183635,0.284219635
0.103399542,0.604328472,0.897458927,0.256557271,0.130235871,0.143419815,0.251037186,0.343976909,0.302334901,0.682208668
0.447397526,0.928741539,0.627370534,0.069164246,0.898431993,0.849514191,0.459929622,0.555775539,0.345684778,0.696438684
0.497349509,0.949070533,0.070766465,0.597051107,0.900286824,0.863715961,0.179472833,0.238461175,0.2270282,0.588079505
0.468711853,,0.19321827,,,0.559906963,0.843135677,0.603344635,0.780799656,0.283132053
0.32825045,0.912299069,0.355805922,0.608942976,0.745205771,0.872397584,0.834626654,0.518207664,0.828414247,0.177859871
0.873326081,0.234787492,0.693064113,0.479414264,0.840002826,0.882966192,0.391604788,0.797952068,0.246786652,0.860839741
0.292320271,0.916046656,0.412458791,0.467235645,0.253410328,0.115748549,0.201930042,0.305448786,0.208609408,0.651907582
0.834860657,0.973890851,0.808397842,0.222827734,0.0189338,0.708188141,0.986392307,0.545479141,0.235897506,0.844788476
0.318293946,0.535302597,0.448306577,0.238796964,0.766249683,0.875732249,0.294509164,0.20794153,0.386781155,0.407980108
0.056111251,0.539765173,0.350558679,0.402353601,0.109577962,0.11016119,0.862936778,0.659989387,0.766204984,0.336127051
0.950809853,0.567047276,0.127631017,0.751241116,0.854417566,0.907429366,0.32239441,0.504734503,0.293095047,0.735057076
0.321752928,0.344792463,0.83192145,0.255265728,0.85763322,0.868693207,0.466011418,0.735163302,0.299828308,0.79087716
0.853755364,0.803475261,0.59274735,0.676168715,0.821013553,0.907949767,0.74420428,0.310487906,0.54980215,0.426211835
0.032326387,0.380255836,,,,,,,,0.38399186
0.3121767,0.398050037,0.325008733,0.394890547,0.216547756,0.118945418,0.271006633,0.309815623,0.289105145,0.574556658
0.347170389,0.680791603,0.390527334,0.531314257,0.125324734,0.126984995,0.77461416,0.606219166,0.696050237,0.369640294
,,,0.109202597,,,0.488468506,,0.017265143,
0.313726015,0.088009778,0.947659746,0.350768805,0.823779148,0.563847784,0.76459454,0.633691793,0.66526119,0.418999859
0.054933913,0.631284666,0.270925885,0.820692744,0.804094345,0.942829939,0.862588085,0.640548328,0.779004243,0.310166013
,0.355209745,0.346405518,0.564838668,,0.087603001,,0.230125576,0.275905783,0.533656708
0.839157508,0.190623099,0.616834725,0.531828993,0.931056132,0.928744343,0.277401387,0.28332464,0.331575509,0.636573187
0.473010134,0.268357052,0.062951101,0.608682928,0.861602904,0.61613433,0.771052695,0.638491339,0.669800733,0.417727055
0.320729467,0.928841509,0.496424664,0.303505083,0.133883882,0.105596248,0.309822382,0.239147215,0.384063202,0.431864891
0.295806058,0.470579609,0.591946017,0.120596182,0.787042515,0.585895563,0.831130765,0.610572085,0.761379192,0.307412431
0.601479585,0.280302267,0.509013857,0.787762227,0.281750938,0.117681468,0.353863934,0.614129114,0.278548082,0.779260743
0.341392461,0.893091171,0.958417255,0.447727963,0.905256427,0.931970628,0.322001893,0.470265464,0.302281386,0.71653664
,,0.043297274,,,,,,,0.141463376
0.437252296,0.682600946,0.598687808,0.292801039,0.925935501,0.88304179,0.835918172,0.690595963,0.712744847,0.410232843
0.479965451,0.669052114,0.25104311,0.863668722,0.842323639,0.946431919,0.247802802,0.183087229,0.34724757,0.430560767
0.175894581,0.134604393,0.869122956,0.570648734,0.146710661,0.082785508,0.3198591,0.161388572,0.44906912,0.314246861
,0.792278483,,,0.163022471,,,0.231208407,0.275478401,
0.74282591,0.866280609,0.30953581,0.852937307,0.778843258,0.548338653,0.971263765,0.687223929,0.878576205,0.24248836
0.071413953,0.655455452,0.866153823,0.302812206,0.757547585,0.540200183,0.245876078,0.146440194,0.369840745,0.38315374
0.633960424,0.926756849,0.290256691,0.193250863,0.041588621,0.652902521,0.417776512,0.39109763,0.399253127,0.684189659
0.963150123,0.545527358,0.222187859,0.894445595,0.817927772,0.513886333,0.858016633,0.616658885,0.78972619,0.283259377
0.661938199,0.662681929,0.892138766,0.414789543,0.841249851,0.968731737,0.813364173,0.534369287,0.791732306,0.225424526
,,,,,0.474917516,0.23747828,,,
0.214549744,0.567478392,0.559684141,0.535955891,0.904326995,0.005931164,0.156256778,0.515365989,0.566042683,0.498917984
0.432432881,0.690488107,0.443986084,0.317746034,0.781044428,0.578643696,0.226493846,0.116404675,0.366846349,0.365762351
0.08272289,0.314974762,0.369060672,0.553091381,0.055251553,0.114649459,0.820874731,0.535580551,0.799983622,0.218013697
0.373079772,0.310828933,0.495819852,0.788210816,0.834723111,0.976450401,0.46831752,0.634997409,0.328189388,0.735395263
0.25096706,0.13862723,0.919703384,0.461234259,0.886554898,0.869887858,0.800908399,0.53032426,0.779432735,0.234951759
0.445534827,0.640880815,0.689264498,0.937541796,0.037015721,0.316846734,0.972311996,0.224585477,0.392999836,0.857239093
0.687663508,0.40715734,0.923534849,0.396696619,0.124813569,0.060613269,0.386742423,0.443797558,0.340771446,0.670950209
0.268527767,0.053206187,0.128686056,0.708621332,0.800632341,0.606431865,0.15536161,0.169344341,0.24489639,0.523356114
0.149262385,0.803422818,0.574475379,0.13352844,0.117460233,0.128046583,0.352087369,0.628861674,0.273681974,0.788114255
0.622143843,0.695463815,0.488391388,0.777571134,0.910570172,0.948924709,0.72410095,0.510107381,0.485786569,0.544259246
0.465815039,0.056477944,0.680278102,0.685085747,0.197227894,0.072565241,0.358543513,0.261718601,0.376670302,0.585716455
,0.605968586,0.332983492,0.465498129,0.910430052,,0.177819977,,,0.479305072
0.481068222,0.739907581,0.077935157,0.40436058,0.058138552,0.077563185,0.409962803,0.555624365,0.32157591,0.720452036
0.544328519,0.042684829,0.653127399,0.959081019,0.21136834,0.973764556,,0.4877318,0.971283128,0.301296897
0.234698933,,0.804163243,,,0.926525046,0.179300011,0.219836418,0.239484851,
0.294594677,0.432297951,0.975893333,0.607943739,0.815462849,0.923726369,0.592298121,0.555173184,0.40982504,0.632279905
0.437234696,0.057778891,0.394014295,0.846172338,0.824196226,0.558650316,0.862115157,0.603707737,0.803485665,0.26074368
0.370592719,0.624118938,0.662563486,0.381544516,0.826432636,0.573210895,0.246034749,0.137428291,0.376160869,0.370733348
0.027851097,0.520113579,0.961205236,0.689056641,0.754216885,0.554274783,0.679420414,0.490823318,0.469437077,0.555338112
0.894997386,0.458220694,0.835334861,0.256176202,0.162698868,0.063666173,0.237187443,0.301645211,0.253797534,0.604240869
0.927431873,,0.251847884,,,,0.521118829,,,
0.364138746,0.900481879,0.073665695,0.411722592,0.915473269,0.883093155,0.810159248,0.624989576,0.726234893,0.352259529
0.056849545,0.356374295,0.866900668,0.254428565,0.130666156,0.128184179,0.62531459,0.436643413,0.458024298,0.55202073
0.622767949,0.918811555,0.126060543,0.731078234,0.823192773,0.544656676,0.441377375,0.651042604,0.310804151,0.757095857
0.290254057,0.357907643,0.545143118,0.12469397,0.927262333,0.892905027,0.373946325,0.730479779,0.25660534,0.832731337
0.18443265,0.174111644,0.301975524,0.895893274,0.285613534,0.61599279,0.197073349,0.738881177,0.831370874,0.265761447
0.320610701,0.564286066,0.255181624,0.737142284,0.661069429,0.059873714,0.005342716,0.21263633,0.25141073,0.644125351
0.891551577,0.224923743,0.919075607,0.656735306,0.115972628,0.057147724,0.789093828,0.622655898,0.702368499,0.37448859
0.961644609,0.428393009,0.35573924,0.407535096,0.26359442,0.17898784,0.089073867,0.138935338,0.185479984,0.562005808
0.537436778,0.961533594,0.929311714,0.574563218,0.220606831,0.125480757,0.174326987,0.119015148,0.302037853,0.432195573
0.348226142,0.930713627,0.971296223,0.490869308,0.891484281,0.497029294,0.165005677,0.141123822,0.275740247,0.47343442
0.689992335,0.556779612,0.589909076,0.633392818,0.746474825,0.852869474,0.476575843,0.49384613,0.370575885,0.654796258
0.648387061,0.325066897,0.759723191,0.589656037,0.403953132,0.77649238,0.729065802,0.553149895,0.014761144,0.422956789
0.633196521,0.034490271,0.319405699,0.879141377,0.163078985,0.184356013,0.160582794,0.104972505,0.294980204,0.429709377
0.59951107,0.695675603,0.074612073,0.518612869,0.972970195,0.898128412,0.838717165,0.545939209,0.814498417,0.210560028
0.832919932,0.249937032,0.362657823,0.550542625,0.807800999,0.885130293,0.184363942,0.118798177,0.314313067,0.419800888
0.572121173,0.675630169,0.056288993,0.511535561,0.756605456,0.930861474,0.124221582,0.191027148,0.192524801,0.590321065
0.936571901,0.415323676,0.642355355,0.100687801,0.802269905,0.930099028,0.547144155,0.651376317,0.361832632,0.706273273
0.670298282,0.330365159,0.045213354,0.538460963,0.881852541,0.904096078,0.695252585,0.716401791,0.415728658,0.670146899
0.602259755,0.289563932,0.537257076,0.85680759,0.902582228,0.855100911,0.227955864,0.136082289,0.355231457,0.3907022
0.045577011,0.335214629,0.657811898,0.723782888,0.352304153,0.069136622,0.35538615,0.448041533,0.426715996,0.894023006
0.291512674,0.474017679,0.065267405,0.410572952,0.903696331,0.466519636,0.196878336,0.165369629,0.297764045,0.467911112
0.67763282,0.648119513,0.761438443,0.096999802,0.839009015,0.826384062,0.227543463,0.260169901,0.270349329,0.559585597
0.876798106,0.20232864,0.407481787,0.338817371,0.867757043,0.55625182,0.822223104,0.594038007,0.761859793,0.295714589
0.341890141,0.343246821,0.763405757,0.12847945,0.787182448,0.877131298,0.181162372,0.529005643,0.218232621,0.816337469
,,0.909178434,0.504914119,0.843296661,0.920628857,,0.556557054,,0.1220661
0.946158087,0.651061093,0.718900382,0.190566401,0.16008415,0.075203926,0.309700777,0.166169916,0.433543327,0.332981694
0.294839683,0.585068692,0.807763174,0.161449676,0.211257638,0.093839493,0.571983392,0.58084997,0.393022077,0.656013545
0.074927,0.283320606,0.632896664,0.525741004,0.12485787,0.086099652,0.213723468,0.19693053,0.296655547,0.490431091
0.122224944,0.246770817,0.374034924,0.387213121,0.034881316,0.102959704,0.259755965,0.020360055,0.47235064,0.195330492
0.645973276,0.291484798,0.075173272,0.575548839,0.09199489,0.078187392,0.779750345,0.602640644,0.704689813,0.358592227
0.813464394,0.802025794,0.642652338,0.156721501,0.116899766,0.053340321,0.757567127,0.650104047,0.645609064,0.449743239
0.155841557,0.812450322,0.143206957,0.592051866,0.130640679,0.147730243,0.534440148,0.348891844,0.437972442,0.548211587
0.186795565,0.849258754,0.528394087,0.817109601,0.835515766,0.908236077,0.110931506,0.221521104,0.155729452,0.647723321
0.373849065,0.938231413,0.493005901,0.791157673,0.879550387,0.880215152,0.408908808,0.588374563,0.312157991,0.738737038
0.055822991,0.362138471,0.628037874,0.607021206,0.828039965,0.910686397,,0.628120401,0.781818635,0.298925668
0.661308553,0.102702904,0.648730844,0.549207202,0.76568087,0.844260717,0.792761162,0.628171668,0.703048831,0.37755223
0.619844009,0.695309374,0.441446227,0.23365808,0.865574836,0.898787997,0.887089818,0.545029074,0.873566081,0.151008338
0.273530633,0.103887492,0.978018682,0.573429737,0.899418889,0.551178307,0.88333482,0.582246959,0.843719477,0.206039721
0.373874305,0.332515239,0.900131274,0.280687741,0.861537613,0.535935401,0.490772009,0.40306833,0.402129988,0.598676474
0.529675785,0.283433548,0.151416637,0.840410218,0.814753057,0.873982729,0.840852609,0.689548662,0.719419335,0.402862849
0.452898486,0.025243058,0.528599933,0.8027192,0.112916932,0.166359984,0.149000253,0.220069826,0.202714888,0.599859387
0.800004713,0.174825797,0.889375002,0.291535828,0.741633085,0.900149596,0.158881067,0.225486943,0.210970063,0.595298368
0.649249197,0.10961945,0.86539937,0.246114677,0.879305482,0.51516521,0.495850981,0.690914884,0.326286557,0.752469736
0.268989899,0.552652894,0.935329633,0.599053898,0.1779796,0.184256683,0.114096617,0.603596034,0.165528757,0.88916597
0.876088593,0.764379735,0.898893881,0.379665963,0.957578534,0.890798166,0.858284002,0.617143132,0.789719947,0.283594166
,,,0.569994825,0.829454946,,0.775901184,,,0.326559025
0.605442195,0.935777684,0.470981343,0.829257465,0.156236399,0.099110265,0.443785259,0.421162845,0.374498371,0.631156473
0.903603337,0.35229643,0.643577896,0.577753469,0.810670048,0.492199699,0.40001653,0.44697343,0.346323213,0.666272917
0.880887227,0.274108149,0.896541179,0.311560596,0.850494387,0.871453456,0.281984911,0.593419325,0.249440821,0.802681605
0.064264924,0.426085953,0.924207066,0.627342718,0.067997885,0.125723451,0.345368398,0.385698393,0.336578298,0.659365829
0.065927945,0.438445105,0.657111138,0.560798958,0.106336893,0.122341517,0.923712851,0.61334472,0.871360763,0.199560652
0.428767078,0.90646804,0.354176648,0.583434033,0.878025915,0.952409012,0.220083356,0.186157896,0.311665969,0.468145391
0.299165673,0.62010966,0.576886528,0.152743991,0.929973708,0.466605091,0.178920301,0.282026708,0.196734522,0.647863813
0.546595316,0.717791255,0.635102244,0.570455527,0.114764025,0.114398164,0.9199264,0.594881226,0.879341397,0.179070624
0.518729378,0.037411883,0.053919087,0.358550242,0.841500908,0.544566855,0.24518695,0.041225785,0.44055747,0.24120915
0.596452977,0.305266244,0.443378839,0.406451825,0.881729215,0.608234367,0.581389926,0.614518022,0.388410277,0.669752395
0.028645255,0.520871438,0.814291665,0.158756597,0.079987931,0.136916126,0.813587354,0.700586577,0.678968531,0.450711428
0.592704906,0.341193643,0.28018157,0.818108465,0.756388982,0.848683652,0.829499326,0.66222598,0.724281506,0.379473302
0.676936933,0.57479548,0.247683477,0.804953355,0.840904839,0.907533469,0.271999423,0.232872418,0.342628748,0.468948266
0.649380949,,,,,,0.231398618,,0.332651064,
0.252318018,0.402185719,0.937819463,0.616326318,0.122499428,0.085999337,0.238374802,0.0,0.460361287,0.193478507
0.766037189,0.524951749,0.759224584,0.22108973,0.229253159,0.139237587,0.476233678,0.412752903,0.392468978,0.610944032
0.443173922,0.703291249,0.23484147,0.836887431,0.825233315,0.884532532,0.211885855,0.079205293,0.374492347,0.332893953
0.948993132,0.563549821,0.646149366,0.082990075,0.182705596,0.117764871,0.155812445,0.161729726,0.250619332,0.512479611
0.600213807,0.312967979,0.343251974,0.640227801,0.791144619,0.83663091,0.817042829,0.710436347,0.676445605,0.459911694
0.258329663,0.610223195,0.588533639,0.753093998,0.859084555,0.532101054,0.249661056,0.15287718,0.370036768,0.387325638
0.796622959,0.230542754,0.993018018,0.077074836,0.094068272,0.718627991,0.97761127,0.333385825,0.634842896,0.028728774
0.694157143,0.872388976,0.842736751,0.194707138,0.795246642,0.511905259,0.772190642,0.763055107,0.58646809,0.585387538
0.69661064,0.547904403,0.417865275,0.140937152,0.798877457,0.57473984,0.2522797,0.671022355,0.213974596,0.859129053
0.178172988,,,,,0.874650001,,0.205747475,,
0.549974653,0.292398218,0.527876638,0.155045705,0.735490876,0.679322833,0.445374915,0.521412746,0.478736547,0.806368509
0.594750236,0.963092394,0.578447617,0.798855601,0.187580537,0.112948156,0.19149104,0.168961543,0.288811944,0.479280085
0.946707459,0.578388663,0.459047269,0.243897015,0.157894815,0.14354991,0.535245541,0.587822202,0.373369377,0.677514084
0.262940591,0.481601282,0.201836998,0.73435117,0.049181515,0.081533337,0.238349457,0.308655286,0.250434506,0.612352613
0.322067067,0.656415613,0.709957635,0.54799906,0.851133457,0.892841977,0.357639105,,0.320405129,0.697556343
,0.885732938,,0.433045833,0.081769671,,0.477524515,,,
0.23877568,0.430080852,0.852500761,0.195403442,0.805435533,0.862637123,0.920291095,0.654680145,0.839116748,0.259777767
0.336968524,0.303731483,0.194739408,0.918016298,0.850416135,0.584235656,0.935521139,0.667489606,0.848808358,0.258799246
0.303467328,0.575542238,0.522918949,0.153685747,0.84432365,0.892158443,0.228387098,0.224533437,0.295602711,0.510210045
,,,,,,,,0.336264164,0.381558807
0.394627555,0.312397403,0.5841771,0.592588116,0.748469514,0.516469428,0.274163648,0.640169934,0.232943838,0.831829368
,,,,0.80632863,,,,0.330874976,
0.944158855,0.418216736,0.030041598,0.464114949,0.150882857,0.122309801,0.169408054,0.125904742,0.291409141,0.447474835
0.221581064,0.873379282,0.718562128,0.104095403,0.813390183,0.517775115,0.820977282,0.608004862,0.750856525,0.316169462
